{"Iter_1/AvgTrainLoss_epoch": 13.65178108215332, "Iter_1/TestLoss_epoch": 6.895110368728638, "global_epoch": 29, "iteration": 3, "epoch_in_iteration": 10, "_timestamp": 1747924422.1815479, "_runtime": 24.296984910964966, "_step": 8, "current_training_samples": 394, "num_candidate_collection_points": 30, "num_actually_collected_ratings": 25, "Iter_1/FinalTestLoss_iteration_end": 6.895110368728638, "Iter_2/AvgTrainLoss_epoch": 14.043134848276773, "Iter_2/TestLoss_epoch": 7.020098447799683, "num_newly_added_ratings": 28, "Iter_2/FinalTestLoss_iteration_end": 7.020098447799683, "Iter_3/AvgTrainLoss_epoch": 12.43027755192348, "Iter_3/TestLoss_epoch": 5.934134244918823, "Iter_3/FinalTestLoss_iteration_end": 5.934134244918823, "_wandb": {"runtime": 22}}